stage,epoch,train_loss,val_loss,train_accuracy,val_accuracy
frozen,1,0.9156418442726135,0.794171154499054,0.6692177653312683,0.6990654468536377
frozen,2,0.8081793785095215,0.7849668860435486,0.6998305916786194,0.71355140209198
frozen,3,0.7968029975891113,0.7458879351615906,0.7090027928352356,0.7205607891082764
frozen,4,0.7871534824371338,0.8487592339515686,0.7103464603424072,0.686915934085846
frozen,5,0.778623640537262,0.8299288153648376,0.7126833200454712,0.6995327472686768
frozen,6,0.7816526889801025,0.7807778716087341,0.709703803062439,0.7070093750953674
finetuned,1,0.7206912040710449,0.6041231155395508,0.7389145493507385,0.7766355276107788
finetuned,2,0.5878559947013855,0.5804151892662048,0.7852427363395691,0.7873831987380981
finetuned,3,0.5261749029159546,0.5678147673606873,0.8112403154373169,0.7967289686203003
finetuned,4,0.4814172685146332,0.6256886720657349,0.8257288336753845,0.7813084125518799
finetuned,5,0.43306079506874084,0.5985137224197388,0.8421452641487122,0.8023364543914795
finetuned,6,0.39070457220077515,0.6274645924568176,0.8587369322776794,0.7929906845092773
